{"cameraMode":{"drawMode":0,"name":"Shaded","section":"Shading Mode"},"sceneLighting":false,"audioPlay":false,"sceneViewState":{"showFog":true,"showMaterialUpdate":false,"showSkybox":false,"showFlares":true,"showImageEffects":true,"showParticleSystems":true},"in2DMode":false,"pivot":{"x":49.66864776611328,"y":1.4045685529708863,"z":52.29846954345703},"rotation":{"x":-0.03621490299701691,"y":-0.9590694904327393,"z":0.24112367630004884,"w":-0.1440442055463791},"size":3.200801372528076,"orthographic":false}