{"cameraMode":{"drawMode":0,"name":"Shaded","section":"Shading Mode"},"sceneLighting":false,"audioPlay":false,"sceneViewState":{"showFog":true,"showMaterialUpdate":false,"showSkybox":false,"showFlares":true,"showImageEffects":true,"showParticleSystems":true},"in2DMode":false,"pivot":{"x":762.7645263671875,"y":331.0264892578125,"z":268.4476318359375},"rotation":{"x":0.14705242216587068,"y":0.12605588138103486,"z":-0.018898513168096544,"w":0.980887234210968},"size":1134.8057861328125,"orthographic":false}